animal_id,nickname,number,age,breed,gender,lactation_number,milk_yield,lameness_score
1,Бурёнка,001,9,Голштинская,female,5,7139,2
2,Пеструшка,002,4,Голштинская,female,3,7393,0
3,Умница,003,7,Голштинская,female,1,6379,0
4,Рыжуха,004,7,Голштинская,female,5,7083,2
5,Милка,005,10,Голштинская,female,1,9985,3
6,Умница,006,10,Голштинская,female,3,9397,1
7,Дочка,007,5,Голштинская,female,1,6187,1
8,Белка,008,3,Голштинская,female,2,9549,0
9,Пеструшка,009,9,Голштинская,female,3,6666,0
10,Галка,010,6,Голштинская,female,1,8495,1
11,Галка,011,5,Голштинская,female,2,7893,0
12,Зорька,012,5,Голштинская,female,3,9452,2
13,Белка,013,5,Голштинская,female,1,9297,0
14,Красавка,014,3,Голштинская,female,2,9740,3
15,Рыжуха,015,5,Голштинская,female,4,7620,2
16,Галка,016,4,Голштинская,female,3,6571,0
17,Снежинка,017,10,Голштинская,female,3,9059,1
18,Ласточка,018,8,Голштинская,female,3,6898,5
19,Ночка,019,10,Голштинская,female,4,6372,2
20,Веснушка,020,4,Голштинская,female,2,9244,1
21,Рыжуха,021,3,Голштинская,female,2,7563,1
22,Бурёнка,022,10,Голштинская,female,3,9977,1
23,Красавка,023,3,Голштинская,female,2,9075,0
24,Бурёнка,024,3,Голштинская,female,2,7780,0
25,Ночка,025,6,Голштинская,female,5,9120,0
26,Умница,026,6,Голштинская,female,5,8494,0
27,Марта,027,4,Голштинская,female,3,9905,2
28,Ночка,028,2,Голштинская,female,1,7327,0
29,Снежинка,029,7,Голштинская,female,3,6980,0
30,Милка,030,3,Голштинская,female,1,8997,0
31,Галка,031,10,Голштинская,female,2,6525,1
32,Звёздочка,032,4,Голштинская,female,3,8161,2
33,Пеструшка,033,5,Голштинская,female,4,9093,1
34,Рыжуха,034,6,Голштинская,female,4,8751,1
35,Милка,035,10,Голштинская,female,4,6495,0
36,Снежинка,036,7,Голштинская,female,1,8409,1
37,Зорька,037,5,Голштинская,female,1,6290,1
38,Красавка,038,5,Голштинская,female,1,9708,0
39,Пятнушка,039,3,Голштинская,female,2,6974,0
40,Снежинка,040,5,Голштинская,female,4,6541,1
41,Звёздочка,041,9,Голштинская,female,2,9213,0
42,Умница,042,5,Голштинская,female,1,6397,1
43,Зорька,043,8,Голштинская,female,4,7912,2
44,Ночка,044,3,Голштинская,female,1,7649,1
45,Ласточка,045,5,Голштинская,female,2,6779,1
46,Милка,046,8,Голштинская,female,2,7140,0
47,Галка,047,9,Голштинская,female,5,6401,0
48,Чернушка,048,2,Голштинская,female,1,9794,2
49,Солнышко,049,4,Голштинская,female,3,7989,0
50,Солнышко,050,2,Голштинская,female,1,7552,0
51,Галка,051,6,Голштинская,female,4,7168,0
52,Зорька,052,9,Голштинская,female,2,6777,0
53,Зорька,053,10,Голштинская,female,1,9063,0
54,Ромашка,054,9,Голштинская,female,5,9765,2
55,Милка,055,2,Голштинская,female,1,6328,2
56,Снежинка,056,3,Голштинская,female,2,7653,0
57,Милка,057,5,Голштинская,female,4,8435,0
58,Белка,058,8,Голштинская,female,5,8315,1
59,Ласточка,059,5,Голштинская,female,3,6977,0
60,Милка,060,6,Голштинская,female,4,7295,3
61,Ночка,061,2,Голштинская,female,1,8544,5
62,Ласточка,062,3,Голштинская,female,2,6873,1
63,Дочка,063,7,Голштинская,female,1,9601,0
64,Дочка,064,4,Голштинская,female,3,9415,1
65,Дочка,065,10,Голштинская,female,1,8735,2
66,Ночка,066,3,Голштинская,female,2,7083,0
67,Пеструшка,067,10,Голштинская,female,2,7115,0
68,Белка,068,7,Голштинская,female,2,8815,1
69,Зорька,069,10,Голштинская,female,4,7028,3
70,Бурёнка,070,3,Голштинская,female,2,9397,0
71,Ромашка,071,7,Голштинская,female,2,8609,4
72,Бурёнка,072,9,Голштинская,female,5,8890,0
73,Ласточка,073,3,Голштинская,female,1,9870,2
74,Галка,074,10,Голштинская,female,1,9418,0
75,Умница,075,4,Голштинская,female,3,6522,0
76,Ночка,076,2,Голштинская,female,1,6860,1
77,Веснушка,077,7,Голштинская,female,5,9621,2
78,Ромашка,078,4,Голштинская,female,2,9541,0
79,Красавка,079,8,Голштинская,female,1,6734,1
80,Ночка,080,8,Голштинская,female,2,7092,0
81,Пеструшка,081,8,Голштинская,female,1,9516,0
82,Чернушка,082,9,Голштинская,female,3,7250,2
83,Красавка,083,5,Голштинская,female,1,8703,0
84,Умница,084,6,Голштинская,female,1,9960,2
85,Галка,085,10,Голштинская,female,4,8783,5
86,Белка,086,7,Голштинская,female,1,6472,2
87,Зорька,087,4,Голштинская,female,3,9942,5
88,Красавка,088,3,Голштинская,female,2,7779,0
89,Снежинка,089,8,Голштинская,female,5,8094,0
90,Бурёнка,090,5,Голштинская,female,3,6181,1
91,Пеструшка,091,10,Голштинская,female,5,8813,1
92,Красавка,092,7,Голштинская,female,4,6286,3
93,Марта,093,7,Голштинская,female,1,8948,3
94,Дочка,094,6,Голштинская,female,4,7336,0
95,Солнышко,095,10,Голштинская,female,2,6785,0
96,Галка,096,4,Голштинская,female,3,8331,0
97,Снежинка,097,2,Голштинская,female,1,7175,0
98,Пеструшка,098,7,Голштинская,female,4,7809,0
99,Ромашка,099,10,Голштинская,female,4,9251,3
100,Веснушка,100,3,Голштинская,female,2,8111,1
