examination_id,animal_id,vet_id,diagnosis_id,exam_date,treatment,is_sick
1,43,4,9,2025-04-05,Смена корма,1
2,26,8,3,2024-09-17,Покой,1
3,99,7,15,2024-05-21,Покой,1
4,52,7,2,2023-08-13,Витамины,1
5,23,9,1,2024-04-20,—,0
6,7,2,1,2024-04-12,—,0
7,18,10,18,2023-11-21,Пробиотики,1
8,97,10,1,2025-04-14,—,0
9,93,7,1,2025-04-30,—,0
10,71,8,7,2023-09-23,Инфузия,1
11,97,8,10,2024-10-03,Пробиотики,1
12,31,4,4,2023-10-06,Смена корма,1
13,43,3,19,2023-06-04,Витамины,1
14,30,3,1,2024-12-24,—,0
15,28,9,15,2024-04-22,Обработка копыт,1
16,54,10,15,2025-08-26,Гормональная терапия,1
17,90,8,20,2023-01-07,Гормональная терапия,1
18,46,9,14,2025-02-04,Гормональная терапия,1
19,95,10,1,2025-07-08,—,0
20,29,5,1,2024-03-22,—,0
21,63,3,12,2025-05-10,Гормональная терапия,1
22,60,10,1,2024-06-30,—,0
23,4,10,1,2024-07-31,—,0
24,85,8,15,2023-07-06,Противовоспалительное,1
25,7,8,12,2023-12-01,Покой,1
26,44,7,1,2023-10-12,—,0
27,97,7,1,2023-09-16,—,0
28,11,9,1,2023-02-23,—,0
29,45,1,4,2025-08-30,Антибиотик,1
30,32,4,2,2023-05-10,Противовоспалительное,1
31,61,8,20,2024-12-17,Покой,1
32,33,3,1,2024-09-12,—,0
33,78,2,1,2025-03-07,—,0
34,21,2,1,2024-08-15,—,0
35,4,10,1,2024-11-24,—,0
36,49,4,1,2023-03-19,—,0
37,76,4,1,2023-04-15,—,0
38,90,10,1,2025-04-04,—,0
39,16,10,1,2025-03-12,—,0
40,6,2,15,2024-06-02,Обработка копыт,1
41,83,2,15,2024-03-19,Инфузия,1
42,47,8,1,2024-12-25,—,0
43,20,10,18,2025-04-07,Смена корма,1
44,69,8,1,2024-03-22,—,0
45,94,6,1,2025-05-22,—,0
46,32,2,1,2023-10-13,—,0
47,58,6,16,2023-01-30,Гормональная терапия,1
48,64,3,1,2024-05-14,—,0
49,28,5,1,2023-12-15,—,0
50,36,5,1,2024-07-23,—,0
51,2,4,1,2023-03-29,—,0
52,31,8,1,2024-07-22,—,0
53,98,8,17,2025-03-22,Инфузия,1
54,3,4,9,2023-11-10,Гормональная терапия,1
55,85,9,17,2023-12-19,Пробиотики,1
56,55,9,1,2023-12-05,—,0
57,46,5,1,2023-11-10,—,0
58,33,2,8,2025-01-30,Обработка копыт,1
59,69,3,1,2023-07-16,—,0
60,28,5,1,2025-01-11,—,0
61,76,9,1,2024-09-03,—,0
62,37,4,1,2023-10-31,—,0
63,30,5,1,2023-01-15,—,0
64,91,1,10,2024-07-20,Антибиотик,1
65,38,3,1,2024-10-15,—,0
66,97,1,1,2024-08-10,—,0
67,37,8,1,2023-12-15,—,0
68,24,5,1,2025-08-21,—,0
69,62,8,4,2023-03-17,Гормональная терапия,1
70,74,1,1,2023-06-05,—,0
71,20,5,1,2023-03-29,—,0
72,32,9,15,2024-01-25,Покой,1
73,58,5,1,2025-05-30,—,0
74,76,5,1,2024-08-05,—,0
75,80,4,5,2023-09-28,Покой,1
76,85,9,9,2023-03-18,Противовоспалительное,1
77,21,5,16,2023-02-03,Инфузия,1
78,30,2,11,2024-12-04,Инфузия,1
79,30,10,1,2024-11-08,—,0
80,26,3,19,2025-07-19,Покой,1
81,35,2,1,2023-03-03,—,0
82,22,10,1,2025-02-05,—,0
83,73,8,1,2023-05-08,—,0
84,60,7,1,2025-08-23,—,0
85,35,8,1,2024-03-24,—,0
86,11,7,1,2025-01-22,—,0
87,42,1,1,2023-04-04,—,0
88,30,10,1,2024-08-24,—,0
89,3,5,1,2024-08-13,—,0
90,6,3,1,2024-04-26,—,0
91,67,5,1,2023-07-05,—,0
92,75,8,1,2025-09-19,—,0
93,12,6,15,2024-11-17,Обработка копыт,1
94,14,6,1,2024-02-26,—,0
95,89,7,1,2025-04-13,—,0
96,98,8,1,2023-04-01,—,0
97,41,9,5,2025-04-24,Гормональная терапия,1
98,1,9,1,2024-04-18,—,0
99,53,10,18,2025-02-13,Обработка копыт,1
100,64,1,1,2023-07-28,—,0
101,35,5,1,2024-03-24,—,0
102,90,1,1,2025-09-23,—,0
103,81,4,1,2024-12-27,—,0
104,21,7,2,2023-04-06,Пробиотики,1
105,29,2,1,2024-04-17,—,0
106,16,3,1,2024-05-25,—,0
107,92,8,10,2025-09-30,Гормональная терапия,1
108,61,7,19,2023-07-15,Противовоспалительное,1
109,77,5,6,2025-03-02,Витамины,1
110,54,1,18,2023-10-17,Смена корма,1
111,93,3,20,2024-04-02,Инфузия,1
112,69,9,12,2024-01-22,Пробиотики,1
113,59,4,1,2025-10-01,—,0
114,90,7,14,2023-02-14,Покой,1
115,41,7,1,2024-01-31,—,0
116,85,1,6,2023-05-10,Инфузия,1
117,65,6,1,2025-06-09,—,0
118,13,8,1,2023-04-13,—,0
119,68,1,1,2025-01-09,—,0
120,19,8,6,2025-03-11,Витамины,1
121,34,6,14,2025-05-22,Витамины,1
122,87,7,1,2025-09-04,—,0
123,41,8,1,2025-06-12,—,0
124,70,5,4,2023-08-21,Покой,1
125,96,8,5,2023-06-20,Витамины,1
126,89,6,2,2025-03-26,Антибиотик,1
127,8,3,13,2023-09-08,Гормональная терапия,1
128,68,3,7,2023-03-22,Противовоспалительное,1
129,79,10,1,2024-11-30,—,0
130,31,4,20,2024-04-17,Противовоспалительное,1
131,82,8,10,2025-07-11,Антибиотик,1
132,37,3,1,2023-03-17,—,0
133,57,10,1,2023-11-03,—,0
134,82,5,1,2024-04-12,—,0
135,39,2,14,2023-08-31,Инфузия,1
136,49,10,1,2023-10-30,—,0
137,90,1,14,2024-08-02,Смена корма,1
138,88,1,1,2025-07-21,—,0
139,78,5,1,2025-03-05,—,0
140,30,6,1,2023-08-13,—,0
141,82,2,10,2025-07-14,Противовоспалительное,1
142,81,5,1,2025-03-18,—,0
143,57,2,13,2025-07-20,Противовоспалительное,1
144,38,4,15,2023-05-16,Противовоспалительное,1
145,70,6,1,2024-06-27,—,0
146,65,3,1,2023-09-21,—,0
147,62,5,1,2025-02-03,—,0
148,44,8,1,2025-09-13,—,0
149,10,9,9,2024-01-10,Гормональная терапия,1
150,12,1,1,2023-09-28,—,0
151,69,10,13,2024-01-26,Смена корма,1
152,82,2,1,2024-11-22,—,0
153,30,10,1,2025-06-24,—,0
154,72,2,21,2024-10-12,Покой,1
155,60,5,1,2024-10-26,—,0
156,53,5,3,2024-05-19,Антибиотик,1
157,15,7,19,2024-04-09,Противовоспалительное,1
158,48,9,1,2024-03-05,—,0
159,76,3,1,2025-06-25,—,0
160,54,5,17,2023-02-03,Гормональная терапия,1
161,89,4,16,2025-05-25,Инфузия,1
162,47,6,13,2023-03-04,Пробиотики,1
163,51,2,5,2024-11-09,Инфузия,1
164,28,10,1,2025-09-21,—,0
165,3,3,12,2025-03-16,Покой,1
166,73,10,19,2023-08-10,Покой,1
167,30,5,6,2025-05-29,Антибиотик,1
168,19,9,1,2023-09-14,—,0
169,23,1,2,2024-01-02,Противовоспалительное,1
170,31,1,1,2023-06-28,—,0
171,34,2,15,2025-02-02,Пробиотики,1
172,9,6,1,2024-06-09,—,0
173,76,10,18,2023-02-14,Покой,1
174,94,9,1,2023-11-05,—,0
175,59,1,1,2023-03-04,—,0
176,62,7,1,2024-12-03,—,0
177,14,2,16,2023-11-26,Витамины,1
178,78,10,6,2024-10-10,Смена корма,1
179,75,6,1,2024-01-26,—,0
180,77,10,16,2024-03-16,Пробиотики,1
181,13,2,1,2025-05-23,—,0
182,84,9,1,2025-01-08,—,0
183,28,4,1,2024-02-28,—,0
184,44,7,1,2024-03-01,—,0
185,94,5,15,2024-01-19,Обработка копыт,1
186,20,8,1,2023-03-10,—,0
187,12,2,1,2024-03-18,—,0
188,13,6,1,2025-04-11,—,0
189,17,10,1,2025-09-06,—,0
190,72,2,1,2024-02-25,—,0
191,46,7,1,2025-06-07,—,0
192,93,6,11,2023-04-17,Смена корма,1
193,74,3,1,2024-11-03,—,0
194,62,9,5,2024-01-12,Обработка копыт,1
195,15,10,1,2023-08-20,—,0
196,55,10,1,2024-09-20,—,0
197,87,1,2,2023-07-04,Смена корма,1
198,35,5,1,2025-08-01,—,0
199,44,10,7,2024-11-04,Противовоспалительное,1
200,52,9,2,2023-08-09,Витамины,1
201,49,6,1,2023-06-11,—,0
202,48,1,12,2023-06-09,Витамины,1
203,21,1,1,2024-11-21,—,0
204,11,10,15,2024-03-28,Инфузия,1
205,54,6,18,2024-03-16,Витамины,1
206,15,9,20,2024-11-14,Инфузия,1
207,40,1,14,2023-07-29,Антибиотик,1
208,39,3,1,2025-02-21,—,0
209,33,8,5,2025-02-03,Антибиотик,1
210,56,4,14,2024-05-27,Пробиотики,1
211,72,6,1,2023-03-15,—,0
212,51,1,1,2024-03-22,—,0
213,3,2,1,2025-06-01,—,0
214,41,10,1,2024-02-19,—,0
215,91,5,1,2023-04-28,—,0
216,52,10,12,2024-04-16,Противовоспалительное,1
217,89,2,1,2024-03-23,—,0
218,14,9,20,2023-03-22,Гормональная терапия,1
219,51,6,1,2023-08-15,—,0
220,43,2,1,2024-06-06,—,0
221,82,6,18,2023-12-26,Покой,1
222,94,3,1,2023-08-30,—,0
223,14,10,8,2023-06-06,Противовоспалительное,1
224,98,2,1,2023-07-01,—,0
225,99,10,16,2024-10-20,Инфузия,1
226,82,6,1,2025-06-03,—,0
227,81,8,16,2024-03-28,Витамины,1
228,81,6,10,2024-06-03,Антибиотик,1
229,10,1,16,2024-01-13,Антибиотик,1
230,37,7,4,2024-04-18,Пробиотики,1
231,75,1,1,2024-04-05,—,0
232,74,6,1,2024-09-11,—,0
233,61,2,3,2025-04-10,Инфузия,1
234,44,2,1,2024-05-31,—,0
235,83,8,9,2024-06-20,Инфузия,1
236,67,6,1,2024-01-17,—,0
237,37,6,12,2023-03-09,Антибиотик,1
238,43,5,14,2025-01-11,Смена корма,1
239,85,10,1,2025-06-13,—,0
240,20,6,20,2023-11-14,Противовоспалительное,1
241,84,7,1,2023-05-13,—,0
242,77,2,1,2023-11-14,—,0
243,72,9,12,2023-04-06,Противовоспалительное,1
244,83,9,1,2024-01-06,—,0
245,3,6,7,2025-08-28,Покой,1
246,99,3,9,2023-03-21,Противовоспалительное,1
247,38,2,1,2024-06-03,—,0
248,99,6,18,2025-06-16,Антибиотик,1
249,99,3,21,2023-06-16,Гормональная терапия,1
250,24,10,1,2025-04-08,—,0
251,22,1,1,2024-02-25,—,0
252,47,4,1,2025-09-19,—,0
253,57,8,1,2023-08-28,—,0
254,69,6,17,2024-11-25,Покой,1
255,74,8,1,2025-02-26,—,0
256,37,9,1,2024-06-24,—,0
257,54,4,1,2025-03-31,—,0
258,78,8,10,2025-06-14,Антибиотик,1
259,48,2,1,2024-12-29,—,0
260,67,5,1,2023-03-27,—,0
261,98,3,16,2025-04-30,Пробиотики,1
262,56,6,9,2025-08-10,Инфузия,1
263,4,6,14,2023-08-30,Пробиотики,1
264,50,6,1,2023-08-18,—,0
265,4,3,5,2023-05-21,Обработка копыт,1
266,5,8,17,2024-04-04,Противовоспалительное,1
267,79,5,4,2023-08-09,Антибиотик,1
268,20,10,1,2024-06-24,—,0
269,55,5,11,2023-05-05,Покой,1
270,7,2,21,2023-04-24,Инфузия,1
271,64,1,1,2024-10-09,—,0
272,66,3,1,2023-10-26,—,0
273,55,10,13,2024-03-02,Покой,1
274,24,2,1,2024-06-20,—,0
275,47,9,18,2025-03-16,Пробиотики,1
276,65,1,14,2024-10-12,Инфузия,1
277,50,5,1,2025-02-04,—,0
278,3,4,4,2025-01-20,Обработка копыт,1
279,85,3,20,2023-02-15,Обработка копыт,1
280,46,3,1,2025-04-30,—,0
281,100,8,1,2024-10-08,—,0
282,24,2,1,2025-01-03,—,0
283,100,1,1,2023-10-28,—,0
284,26,6,8,2025-08-13,Антибиотик,1
285,40,9,1,2024-04-29,—,0
286,33,6,8,2025-06-01,Смена корма,1
287,100,2,12,2025-03-29,Смена корма,1
288,48,7,14,2023-12-14,Инфузия,1
289,24,8,1,2024-01-12,—,0
290,67,2,4,2024-03-16,Гормональная терапия,1
291,78,3,1,2024-07-12,—,0
292,38,5,4,2023-11-10,Обработка копыт,1
293,58,7,1,2023-06-20,—,0
294,89,6,16,2024-09-21,Антибиотик,1
295,56,7,3,2024-01-08,Витамины,1
296,66,3,1,2025-09-02,—,0
297,4,1,21,2023-05-10,Инфузия,1
298,9,7,13,2025-08-30,Обработка копыт,1
299,73,6,6,2024-01-16,Инфузия,1
300,57,10,1,2023-05-21,—,0
301,68,4,12,2025-09-10,Смена корма,1
302,15,9,7,2024-02-01,Инфузия,1
303,72,4,10,2024-09-18,Инфузия,1
304,37,8,1,2023-07-24,—,0
305,16,3,4,2025-07-09,Инфузия,1
306,92,6,4,2024-12-27,Обработка копыт,1
307,9,5,1,2025-07-01,—,0
308,39,3,1,2025-03-23,—,0
309,47,2,1,2023-07-25,—,0
310,18,6,17,2024-07-21,Антибиотик,1
311,74,10,19,2025-06-24,Противовоспалительное,1
312,12,9,14,2024-02-25,Инфузия,1
313,99,3,20,2025-09-22,Витамины,1
314,41,8,1,2024-04-22,—,0
315,88,3,1,2025-06-18,—,0
316,100,10,1,2023-07-06,—,0
317,99,7,1,2024-05-29,—,0
318,8,9,1,2023-06-06,—,0
319,39,6,12,2025-08-28,Покой,1
320,67,2,1,2023-09-14,—,0
321,26,9,1,2023-10-09,—,0
322,17,10,1,2024-06-30,—,0
323,12,3,7,2024-11-05,Противовоспалительное,1
324,80,10,1,2023-12-12,—,0
325,73,1,2,2025-08-29,Витамины,1
326,83,5,1,2024-10-28,—,0
327,27,7,1,2024-09-24,—,0
328,82,5,19,2024-05-09,Смена корма,1
329,32,7,1,2023-11-01,—,0
330,59,8,3,2024-03-01,Противовоспалительное,1
331,62,6,1,2024-09-13,—,0
332,19,7,12,2023-05-14,Обработка копыт,1
333,98,6,19,2023-09-05,Витамины,1
334,60,3,16,2023-04-10,Покой,1
335,7,4,14,2025-09-12,Гормональная терапия,1
336,21,10,1,2025-01-08,—,0
337,41,9,7,2024-04-23,Инфузия,1
338,64,8,1,2023-01-24,—,0
339,12,9,1,2024-04-13,—,0
340,31,1,13,2023-10-16,Антибиотик,1
341,64,8,1,2023-10-20,—,0
342,69,3,5,2025-06-22,Гормональная терапия,1
343,34,7,1,2024-01-10,—,0
344,6,4,20,2024-01-07,Пробиотики,1
345,71,8,14,2025-02-21,Пробиотики,1
346,71,3,21,2025-09-25,Витамины,1
347,13,6,1,2024-07-25,—,0
348,47,4,1,2024-09-08,—,0
349,66,1,1,2023-02-16,—,0
350,5,9,12,2024-04-12,Инфузия,1
351,20,9,1,2023-05-24,—,0
352,42,6,1,2023-06-16,—,0
353,51,5,1,2024-08-30,—,0
354,44,9,1,2024-06-29,—,0
355,63,5,1,2024-05-01,—,0
356,3,10,5,2023-11-12,Гормональная терапия,1
357,93,1,1,2024-09-03,—,0
358,61,1,20,2024-08-20,Покой,1
359,62,3,21,2025-04-21,Гормональная терапия,1
360,88,4,20,2023-01-20,Витамины,1
361,57,4,6,2024-02-25,Гормональная терапия,1
362,65,8,1,2025-06-12,—,0
363,95,3,1,2024-06-15,—,0
364,27,8,1,2024-06-22,—,0
365,49,9,7,2023-12-17,Инфузия,1
366,70,4,10,2025-09-07,Инфузия,1
367,32,5,11,2025-02-28,Покой,1
368,37,8,1,2023-11-21,—,0
369,62,2,10,2024-08-10,Смена корма,1
370,87,3,14,2023-10-25,Обработка копыт,1
371,6,8,4,2024-11-02,Обработка копыт,1
372,33,4,1,2023-07-26,—,0
373,69,3,19,2023-04-22,Смена корма,1
374,79,4,1,2023-09-06,—,0
375,7,9,1,2023-08-20,—,0
376,82,6,5,2025-01-04,Гормональная терапия,1
377,61,9,6,2025-09-28,Антибиотик,1
378,21,4,17,2025-02-13,Инфузия,1
379,37,10,3,2023-08-26,Витамины,1
380,69,1,1,2025-07-24,—,0
381,23,3,1,2025-08-14,—,0
382,5,7,1,2025-03-17,—,0
383,64,1,11,2023-11-02,Антибиотик,1
384,73,6,1,2023-10-19,—,0
385,59,9,1,2024-06-20,—,0
386,64,3,1,2025-05-21,—,0
387,65,6,8,2023-06-16,Витамины,1
388,94,5,1,2025-01-05,—,0
389,24,10,12,2024-11-21,Смена корма,1
390,97,7,21,2024-06-11,Гормональная терапия,1
391,42,3,5,2024-05-03,Противовоспалительное,1
392,42,1,1,2023-09-25,—,0
393,50,5,10,2024-08-19,Обработка копыт,1
394,93,4,10,2023-03-05,Обработка копыт,1
395,86,7,11,2024-12-03,Противовоспалительное,1
396,65,5,1,2024-12-07,—,0
397,16,5,1,2024-01-12,—,0
398,79,3,6,2024-04-10,Инфузия,1
399,96,6,1,2024-03-01,—,0
400,90,8,1,2025-02-14,—,0
401,69,4,1,2025-02-19,—,0
402,32,10,1,2025-06-13,—,0
403,11,9,1,2024-12-21,—,0
404,47,1,20,2025-04-28,Витамины,1
405,71,4,1,2024-08-09,—,0
406,69,8,12,2023-04-30,Пробиотики,1
407,88,2,20,2025-07-09,Инфузия,1
408,66,1,1,2024-04-09,—,0
409,17,9,16,2024-04-18,Антибиотик,1
410,87,1,1,2024-02-10,—,0
411,33,4,1,2024-08-15,—,0
412,10,9,13,2023-03-03,Витамины,1
413,9,8,1,2023-02-02,—,0
414,37,6,6,2025-07-01,Гормональная терапия,1
415,49,7,1,2024-01-20,—,0
416,11,9,1,2023-05-17,—,0
417,84,2,1,2023-07-02,—,0
418,69,1,6,2025-02-13,Покой,1
419,3,8,1,2024-11-20,—,0
420,93,4,19,2023-09-11,Гормональная терапия,1
421,59,2,10,2023-02-02,Покой,1
422,85,4,2,2023-03-10,Покой,1
423,13,8,1,2024-09-04,—,0
424,87,1,3,2024-02-16,Покой,1
425,57,3,8,2024-05-30,Антибиотик,1
426,38,10,20,2024-09-04,Обработка копыт,1
427,99,5,12,2025-06-16,Покой,1
428,19,9,1,2023-08-15,—,0
429,53,10,3,2025-06-19,Пробиотики,1
430,95,7,1,2024-07-23,—,0
431,64,9,13,2023-11-23,Гормональная терапия,1
432,90,7,6,2023-07-08,Смена корма,1
433,97,4,1,2025-05-19,—,0
434,29,1,6,2024-07-29,Инфузия,1
435,53,9,1,2024-06-26,—,0
436,18,6,10,2024-10-24,Покой,1
437,11,6,1,2023-04-05,—,0
438,69,5,8,2024-01-22,Антибиотик,1
439,87,4,3,2025-04-03,Витамины,1
440,98,9,1,2023-08-11,—,0
441,62,1,12,2023-08-05,Смена корма,1
442,25,2,1,2025-02-03,—,0
443,97,4,1,2024-12-13,—,0
444,78,7,1,2025-07-26,—,0
445,31,5,1,2024-01-25,—,0
446,60,5,13,2024-01-04,Смена корма,1
447,66,8,1,2023-04-11,—,0
448,93,6,12,2023-11-17,Покой,1
449,53,1,9,2023-09-25,Противовоспалительное,1
450,71,10,1,2025-01-07,—,0
451,54,4,8,2024-01-24,Обработка копыт,1
452,73,8,1,2024-07-17,—,0
453,84,6,1,2023-09-21,—,0
454,98,8,1,2024-04-16,—,0
455,22,6,1,2023-06-23,—,0
456,18,9,17,2024-10-19,Противовоспалительное,1
457,8,2,1,2025-08-25,—,0
458,86,3,2,2025-05-12,Гормональная терапия,1
459,81,4,6,2024-06-01,Антибиотик,1
460,59,8,21,2023-01-17,Инфузия,1
461,1,1,15,2024-06-26,Антибиотик,1
462,93,9,11,2025-04-12,Антибиотик,1
463,90,3,1,2023-04-20,—,0
464,13,4,1,2023-07-16,—,0
465,80,6,1,2023-10-01,—,0
466,51,10,14,2023-09-07,Инфузия,1
467,90,2,4,2024-02-20,Антибиотик,1
468,49,1,17,2024-12-20,Антибиотик,1
469,22,10,15,2025-09-27,Обработка копыт,1
470,13,1,1,2023-08-24,—,0
471,28,10,1,2024-05-01,—,0
472,35,9,4,2024-07-31,Смена корма,1
473,85,4,12,2024-08-24,Антибиотик,1
474,19,7,1,2025-08-09,—,0
475,10,10,20,2025-05-04,Покой,1
476,50,9,1,2023-12-06,—,0
477,50,3,1,2025-03-20,—,0
478,89,9,1,2025-02-02,—,0
479,45,2,15,2023-12-15,Покой,1
480,78,10,1,2024-02-11,—,0
481,100,8,10,2023-08-22,Инфузия,1
482,46,7,1,2024-03-18,—,0
483,24,7,1,2023-03-29,—,0
484,99,2,9,2023-10-02,Витамины,1
485,20,6,6,2024-01-05,Гормональная терапия,1
486,14,6,11,2025-02-18,Инфузия,1
487,35,7,4,2024-04-04,Противовоспалительное,1
488,72,7,1,2023-04-16,—,0
489,4,10,19,2024-09-04,Витамины,1
490,42,1,1,2023-10-26,—,0
491,53,4,4,2024-08-08,Пробиотики,1
492,67,3,14,2023-10-03,Противовоспалительное,1
493,39,3,6,2024-03-21,Витамины,1
494,36,6,17,2023-09-15,Витамины,1
495,32,8,1,2024-08-31,—,0
496,79,5,5,2023-01-07,Противовоспалительное,1
497,51,6,21,2024-03-26,Гормональная терапия,1
498,43,5,21,2023-11-25,Противовоспалительное,1
499,78,4,1,2024-05-05,—,0
500,41,5,14,2025-01-22,Обработка копыт,1
